"#","Blog Post Title","Meta Title","Chars","Slug"
"1","10 Best Places in the World to Surf in 2025","Best Places in the World to Surf: 10 Dream Surf · Rapture","57","10-dream-surfing-destinations-for-2024"
"2","10 Best Surf Spots in Bali","10 Best Surf Spots in Bali: Map, Videos · Rapture","49","10-best-surf-spots-in-bali"
"3","10 Best Surf Spots in the World","10 Places to Surf in the World · Rapture","40","top-10-surfing-destinations-in-the-world"
"4","10 Best Things To Do In Monteverde Cloud Forest","10 Best Things To Do In Monteverde Cloud Forest · Rapture","57","10-best-things-to-do-in-monteverde-cloud-forest"
"5","10 Reasons to Start Surfing Today!","10 Reasons to Start Surfing Today! · Rapture","44","reasons-to-start-surfing-today"
"6","10 Surfing Safety Tips Everyone Should Know","The Ultimate Guide to Surfing Safely Tips · Rapture","51","surfing-safety-in-ocean"
"7","10 Things to Do in Playa Avellanas, Costa Rica","10 Things to do in Playa Avellanas Guide · Rapture","50","10-things-to-do-playa-avellanas-costa-rica"
"8","10 Unique and Incredibly Fun Things To Do In Costa Rica","10 Incredibly Fun Things To Do In Costa Rica · Rapture","54","10-fun-things-to-do-in-costa-rica"
"9","10 Ways to Save Money-Enjoy Budget Surf Trips","10 Ways to Save Money-Enjoy Budget Surf Trips · Rapture","55","budget-surf-trips-10-ways-to-save-money"
"10","10 of the Best Surf Beaches in Morocco","Surfing in Morocco: Top 10 Spots · Rapture","42","best-surf-spots-in-morocco"
"11","11 Places to Visit in Morocco","Top 11 Places to Visit in Morocco Guide · Rapture","49","things-to-do-in-morocco"
"12","15 Tips to Improve Your Surf Chops","15 ACTIONABLE Tips for Surfing: Surf like a Pro · Rapture","57","15-tips-to-get-better-at-surfing-tips-for-all-levels-of-surfers"
"13","15 amazing things to do in Ericeira, Portugal","12 Amazing Things You Can't Miss in Ericeira · Rapture","54","best-things-to-do-in-ericeira"
"14","19 Things to Pack on a Surf Trip to Nicaragua and Costa Rica","What to Pack for Nicaragua and Costa Rica? · Rapture","52","what-to-pack-for-costa-rica-and-nicaragua"
"15","2024 Best Surf Spots and Seasons to Surf Nicaragua","Surfing in Nicaragua: Best Surf Spots – Best · Rapture","54","surfing-nicaragua"
"16","2024 New Year’s Resolutions for Surfers","4 New Year's Resolutions for Surfers · Rapture","46","new-years-resolution-for-surfers"
"17","22 Fun Facts About Portugal That Prove It’s a Surfer’s Paradise","22 Fun Facts About Portugal That Prove It's a · Rapture","55","fun-facts-about-portugal"
"18","29 Reasons Why Everyone Loves Surfing","29 Reasons Why Everyone Loves Surfing · Rapture","47","why-is-surfing-popular"
"19","3 Yoga Poses To Help You Warm Up Before Surfing","3 Yoga Poses To Help You Warm Up Before Surfing · Rapture","57","3-yoga-poses-before-surfing"
"20","4 Tips for Choosing the Best Surf Lessons in Portugal","Surf Lessons in Portugal: Choose the Right Place · Rapture","58","surf-lessons-in-portugal"
"21","47 Surfing Terms To Speak Surf Like a Pro","47 Surfing Terms You Must Know to Speak like a · Rapture","56","speak-like-a-surfer"
"22","5 Best Places in the World to Learn to Surf","Want to Learn to Surf? Top 5 Places in the World · Rapture","58","the-5-best-places-to-learn-to-surf"
"23","5 Mistakes Beginner Surfers Make (And How to Fix Them)","5 Common Surfing Mistakes: Get Better At Surfing · Rapture","58","common-surfing-mistakes"
"24","5 Reasons Our Surf Camp Offers the Best Surfing in Portugal","5 Reasons Our Surf Camp Offers the Best Surfing in · Rapture","60","5-reasons-rapture-offers-the-best-surfing-in-portugal"
"25","5 Surf Spots for Beginners in Costa Rica","Top 5 Surf Spots in Costa Rica: Location, Wave · Rapture","56","5-of-the-best-beginner-surf-beaches-in-costa-rica"
"26","5 Vegan Restaurants You Must Visit in Bali","Vegan Restaurants in Bali: Top 5 Restaurants for · Rapture","58","5-vegan-restaurants-you-must-visit-in-bali"
"27","6 Best Places to Surf in August 2025","6 Best Places to Surf in August 2025 · Rapture","46","6-best-places-to-surf-in-august-2025"
"28","6 Important Tips for Travelling with a Surfboard","Travelling with a surfboard: Tips and FAQs · Rapture","52","traveling-with-a-surfboard-made-easy-in-6-simple-steps"
"29","6 Proven Tips on How to Get Better at Surfing","6 Proven Tips on How to Get Better at Surfing · Rapture","55","get-better-at-surfing"
"30","6 Reasons Why Nicaragua Should Be Your First Surf Trip in 2024","6 Reasons Nicaragua Should Be Your Surf · Rapture","49","why-choose-nicaragua-as-your-first-surf-trip"
"31","6 Tips for Budget-Friendly Surfing in Costa Rica","Surf Costa Rica on a Shoestring: 6 Tried and · Rapture","54","tips-for-surfing-in-costa-rica-on-a-budget"
"32","6 Types of Guests You Meet at Our Portugal Surf Camp","Surf Camp Guests you will meet here · Rapture","45","6-types-of-guests-you-can-expect-to-meet-at-our-portugal-surf-camp"
"33","6 Ways to Improve Your Surfing Skills","How to improve your surfing in 6 easy steps · Rapture","53","how-to-improve-your-surfing-in-6-easy-steps"
"34","6 of the Best Tips for Beginner Surfers","6 of the Best Tips for Beginner Surfers · Rapture","49","6-of-the-best-tips-for-beginner-surfers"
"35","7 BEST Places to Visit and Things to Do in Portugal","7 BEST Places to Visit and Things to Do in · Rapture","52","things-to-do-portugal"
"36","7 Reasons why booking a surf camp will be the best thing you ever do","7 Reasons To Book A Surf Camp In 2024 · Rapture","47","book-surf-camp"
"37","7 Things To Do in Gili Islands (Transport, Activities, and More Tips)","7 Fun Things To Do In Gili Islands: All · Rapture","49","things-to-do-gili-islands"
"38","7 Things You Should Know Before You Learn To Surf","Plan to Learn Surfing? 7 Things You Should Know · Rapture","57","7-things-to-know-before-surfing"
"39","7 Ways To Stay Fit When You’re Not Surfing","Stay in Shape even When not Surfing: 7 Essential · Rapture","58","7-ways-to-stay-in-shape-when-youre-not-surfing"
"40","7 Weirdest Waves To Surf around the Globe – Where are they?","7 Weirdest Waves to Surf: Unique Surf Spots You · Rapture","57","7-of-the-weirdest-waves-around-the-world-and-where-to-find-them"
"41","7 of The Biggest Waves in the World","7 Biggest Waves in the World: Stats, Images · Rapture","53","7-biggest-waves-in-the-world"
"42","8 Best Places to Learn to Surf","8 Best Places to Learn How to Surf: Find One Near · Rapture","59","8-best-places-to-learn-to-surf"
"43","8 Reasons Why Bali is a World-Class Surf Spot","Why Bali is the World's Best Surf Destination · Rapture","55","8-reasons-why-bali-is-one-of-the-best-surfing-destinations-in-the-world"
"44","8 Travel Tips for your Beginner Surf Trip to Bali","8 Travel Tips for Your First Surf Trip to Bali · Rapture","56","expert-travels-tips-first-learn-to-surf-trip-to-bali"
"45","9 Awesome Things to do in Taghazout, Morocco","9 Awesome Things to do in Taghazout, Morocco · Rapture","54","things-to-do-in-taghazout"
"46","9 Expert Tips for a Memorable Surf Trip in Costa Rica","9 Expert Tips for a Memorable Surf Trip in Costa · Rapture","58","9-tips-to-help-you-plan-the-perfect-surf-trip-to-costa-rica"
"47","9 Reasons Why Costa Rica Should Be Your Next Surfing Destination","9 Reasons to go Surfing in Costa Rica Surf · Rapture","52","9-reasons-to-learn-to-surf-in-costa-rica"
"48","9 Tips for Beginners to Ace Basic Surfing Skills","9 Actionable Tips for Beginner Surfers · Rapture","48","surf-tips-beginners"
"49","A Beginner’s Guide to Types of Surf Breaks","4 Important Types of Breaks: Surf Theory for · Rapture","54","types-of-surf-breaks"
"50","A Beginner’s Guide to Understanding the Basics of Reading a Wave","Learn the Basics to Read Waves: Surfing 101 · Rapture","53","basics-to-read-a-wave"
"51","A Guide To Different Types of Surfboards","A Guide To Different Types of Surfboards · Rapture","50","a-guide-to-different-types-of-surfboards"
"52","A Guide to Surfing the Gili Islands","Surfing Gili Islands: Know When and Where to Go · Rapture","57","surfing-the-gili-islands"
"53","A Quiet New Year’s Eve? Here’s how you can do it!","A Quiet New Year’s Eve? Here's how you can do it! · Rapture","59","a-quiet-new-years-eve-ideas"
"54","A Special Visitor At Our Surfcamp In Nicaragua","A Special Visitor At Our Surfcamp In Nicaragua · Rapture","56","a-special-visitor-at-our-surfcamp-in-nicaragua"
"55","A Step-by-Step Guide On How To Pop Up On A Surfboard","A Step-by-Step Guide On How To Pop Up On A · Rapture","52","how-to-pop-up-on-a-surfboard"
"56","A Surfer’s Guide to Bali’s Temples","A Surfer's Guide to Bali's Temples · Rapture","44","a-surfers-guide-to-balis-temples"
"57","A message from Rapturecamps about COVID-19","Rapturecamps response to COVID-19 · Rapture","43","rapturecamps-response-to-coronavirus"
"58","Affordable Surf Towns: Where To Live On A Budget As A Surfer","Affordable Surf Towns: Where To Live On A Budget · Rapture","58","affordable-surf-towns-to-live-as-a-surfer"
"59","All About Booking Surf Lessons in Costa Rica","Surf Lessons in Costa Rica: Playa Avellanas and · Rapture","57","surf-camp-and-surf-lessons-in-costa-rica-everything-you-need-to-know"
"60","All You Need To Know About Surfing in G-Land","Surfing G-Land: Top Surf Spot in Indonesia · Rapture","52","all-you-need-to-know-about-surfing-in-g-land"
"61","All You Need To Know Before Surfing At Nias","Surf Nias: Top Surf Spots, Travel Tips & · Rapture","50","surfing-at-nias"
"62","Apartments in Ericeira: Where to Stay and      What to Expect","Beachfront Surf Apartments in Ericeira · Rapture","48","surf-apartments-ericeira-portugal"
"63","Are the waves in Nicaragua are always offshore?","Are the waves in Nicaragua are always offshore? · Rapture","57","the-waves-in-nicaragua-are-always-offshore"
"64","Bali Beyond the Beaches – Things to Do and Places to See in Bali","Places to See and Things to Do in Bali: Ubud and · Rapture","58","the-real-bali-ubud-and-uluwatu"
"65","Bali Currency 101: Understanding the Rupiah","Currency in Bali: Converter & Everything to Know · Rapture","58","currency-bali"
"66","Bali Nightlife: From Sunset to Sunrise","From Sunset to Sunrise: Top Spots To Enjoy Bali's · Rapture","59","nightlife-in-bali"
"67","Bali Nyepi: The Island’s Day Of Silence","Bali Nyepi: The Island’s Day Of Silence · Rapture","49","bali-nyepi-the-islands-day-of-silence"
"68","Bali Surf Resorts –  Your Gateway to World-Class Waves and Tropical Bliss","Surf Resorts in Bali: Tropical Bliss and · Rapture","50","surf-resort-bali"
"69","Bali Surfing 101: Everything You Need to Know Before Hitting the Waves","Surfing in Bali Travel Tips & Best Surf · Rapture","49","surfing-bali"
"70","Bali Weather: A Month-by-Month Guide For Surfers","Bali Weather: A Month-by-Month Guide For Surfers · Rapture","58","bali-weather-a-month-by-month"
"71","Bali on a Budget: How Off-Peak Surfing Saves You Money","Bali on a Budget: How Off-Peak Surfing Saves You · Rapture","58","saving-money-when-surfing-in-bali"
"72","Bali vs Thailand: Which Is The Better Surf Destination?","Bali vs Thailand: Which Is The Better Surf · Rapture","52","bali-vs-thailand"
"73","Balinese Massage: Why You Should Try It | Best Locations","Balinese Massage: Why You Should Try It: Best · Rapture","55","balinese-massage"
"74","Batu Karas – A Hidden Gem In Indonesia","Batu Karas: Indonesia's Hidden Surf Gem: Top Surf · Rapture","59","visit-batu-karas"
"75","Beginners Guide to Wetsuits: Staying Warm and Flexible in the Waves","Beginners Guide to Wetsuits · Rapture","37","beginners-guide-to-wetsuits"
"76","Beginners Paradise: Why Bali’s Off-Peak Season Is Ideal for Learning to Surf","Beginners Paradise: Why Bali’s Off-Peak Season Is · Rapture","59","bali-off-peak-surfing"
"77","Benagil Cave: A Guide to Portugal’s Coastal Spot","Benagil Cave: A Guide to Portugal’s Coastal Spot · Rapture","58","benagil-cave"
"78","Best Apps For Surfers | 2025","Best Apps For Surfers · Rapture","31","best-apps-for-surfers"
"79","Best Surf Bikinis: Comfort, Style, And Performance","Best Surf Bikinis: Comfort, Style, And Performance · Rapture","60","best-surf-bikinis"
"80","Best Surf Camp Near Lisbon – 7 Reasons Why its Rapture Surfcamps!","The Right Surf Camp Near Lisbon For You · Rapture","49","is-our-surf-camp-near-lisbon-right-for-you"
"81","Best Surf Movies Of All Time: A Must-Watch List","7 Must-Watch Surf Movies · Rapture","34","7-best-surf-movies-of-all-time"
"82","Best Surf Spots Portugal: 2025 Guide with Map","Portugal's Surfing Hotspots: 20 Best Surf Breaks · Rapture","58","portugal-best-surf-spots"
"83","Beyond The Break: Exploring Costa Rica’s Surf Culture","Beyond The Break: Exploring Costa Rica's Surf · Rapture","55","exploring-costa-ricas-surf-culture"
"84","Bingin Beach, Bali: A Surfer’s Dream Playground","Bingin Beach, Bali: A Surfer’s Dream Playground · Rapture","57","bingin-beach"
"85","Bioluminescence In Costa Rica","Bioluminescence In Costa Rica · Rapture","39","bioluminescence-in-costa-rica"
"86","Bodyboarding Tips And Tricks: How To Improve Your Skills","Bodyboarding Tips And Tricks: How To Improve Your · Rapture","59","bodyboarding-tips-and-tricks"
"87","Booking a surf camp? Guide to Choosing the Right One","What to look for when booking a Surfcamp · Rapture","50","what-to-look-for-when-booking-a-surf-camp"
"88","Can The Diving Reflex Help You Stay Calm Underwater?","Can The Diving Reflex Help You Stay Calm · Rapture","50","what-is-the-diving-reflex"
"89","Catch The Perfect Wave: A Surfer’s Handbook To Canggu","Catch The Perfect Wave: A Surfer's Handbook To · Rapture","56","catch-the-perfect-wave-a-surfers-handbook-to-canggu"
"90","Catch the Perfect Wave: A Beginner’s Guide to Surfing in Ericeira","Catch the Perfect Wave: A Beginner’s Guide to · Rapture","55","beginners-guide-to-ericeira"
"91","Chasing the Perfect Wave: Advanced Surf Spots in Costa Rica","Chasing the Perfect Wave: Advanced Surf Spots in · Rapture","58","advanced-surf-spots-in-costa-rica"
"92","Choosing The Perfect Surf Travel Bag For Your Adventure","Choosing The Perfect Surf Travel Bag For Your · Rapture","55","choosing-the-perfect-surf-travel-bag-for-your-adventure"
"93","Choosing a Beginner Surf Camp in Bali: Your Questions Answered","Choosing the Right Surf Camp in Bali · Rapture","46","how-to-book-a-surf-camp-in-bali"
"94","Choosing the Perfect Surf Retreat: What to Look for in Beach Hotels in Costa Rica","What to Look for in Beach Hotels in Costa Rica · Rapture","56","beach-hotels-in-costa-rica"
"95","Co-Living Ericeira, Portugal","Co-Living Ericeira, Portugal · Rapture","38","co-living-ericeira-villa"
"96","Common Surfing Injuries And How To Prevent Them","Common Surfing Injuries And How To Prevent Them · Rapture","57","common-surfing-injuries"
"97","Conquer the Waves: Mastering the Art of Wave Reading","How to Read Waves: Techniques and Tips · Rapture","48","how-to-read-waves"
"98","Costa Nova: Portugal’s Most Colorful Coastal Gem","Costa Nova: Portugal’s Most Colorful Coastal Gem · Rapture","58","costa-nova-portugal"
"99","Costa Rica Monsoon Season: Surf Conditions and How To Prepare","Costa Rica Monsoon Season: Surf Conditions and How · Rapture","60","costa-rica-monsoon-season"
"100","Costa Rica Renewable Energy – Plastic and Carbon Free by 2021","Costa Rica Renewable Energy -Plastic & Carbon Free · Rapture","60","renewable-energy-plastic-carbon-free-costa-rica"
"101","Costa Rica Travel Guide: Best Places, Activities & Travel Tips","Costa Rica Travel Guide: Best Places, Activities & · Rapture","60","costa-rica-travel-guide-best-places-activities-travel-tips"
"102","Discover Sintra: Portugal’s Fairytale Town","Discover Sintra: Portugal’s Fairytale Town · Rapture","52","sintra-portugals-fairytale-town"
"103","Discover Your Next Adventure: The 9 Best Surf Camps in Europe in 2024","The 9 Best Surf Camps in Europe in 2024 · Rapture","49","best-surf-camps-in-europe-2024"
"104","Discover the Magic of Bali’s Surfing Culture","Surfing in Bali for Experts: Surf Camps in Bali · Rapture","57","surfing-bali-experienced"
"105","Do Surfers Struggle On Surfboards?","Do Surfers Struggle On Surfboards? · Rapture","44","do-surfers-struggle-on-surfboards"
"106","Do You Need Swimming Skills to Surf?","Swimming Skills For Surfing: Is It Important? · Rapture","55","swimming-skills-surfing"
"107","Dominical, Costa Rica: Surfing, Yoga, And Laid-Back Vibes","Dominical, Costa Rica: Surfing, Yoga, And · Rapture","51","dominical-costa-rica"
"108","Donegal Bay’s Mullaghmore: Ireland’s Answer To Big Wave Surfing","Donegal Bay’s Mullaghmore: Ireland’s Answer To Big · Rapture","60","donegal-bay-mullaghmore-ireland"
"109","Dreamland Beach: Bali’s Hidden Paradise For Surfers","Dreamland Beach: Bali’s Hidden Paradise For · Rapture","53","dreamland-beach-bali"
"110","Duck Diving: Techniques For Surfers","Duck Diving: Techniques For Surfers · Rapture","45","what-is-duck-diving"
"111","Eco Surf Rescue Uluwatu: Keeping Uluwatu Clean!","Eco Surf Rescue Uluwatu: Sustainable Surfing · Rapture","54","eco-surf-rescue-uluwatu"
"112","Eco-Friendly Surfboards: What You Need To Know","Eco-Friendly Surfboards: What You Need To Know · Rapture","56","eco-friendly-surfboards"
"113","Ericeira Becomes a Part of the 1st International Surf Network","Ericeira in the 1st International Surf Network · Rapture","56","ericeira-portugal-part-of-first-international-surf-network"
"114","Escaping the crowds – find serenity on your Bali Surf Adventure!","Catch Waves and Not Crowds!: 5 Tips to Avoid · Rapture","54","avoid-crowd-and-catch-more-waves-in-bali"
"115","Everything You Need To Know About Surfer’s Ear","Everything You Need To Know About Surfer's Ear · Rapture","56","surfers-ear"
"116","Expert Surfing 101: Riding a Barrel","Expert Surfing 101: Riding a Barrel · Rapture","45","barrel-riding-basics"
"117","Foil Surfing: The Future Of Wave Riding","Foil Surfing: The Future Of Wave Riding · Rapture","49","what-is-foil-surfing"
"118","From Beaches to Bistros: A Surfer’s Guide to the Best Things to Do in Lisbon","The definitive Surfer’s Guide to Lisbon · Rapture","49","the-definitive-surfers-guide-to-lisbon"
"119","From Beginner to Pro: Top Surf Camps in Costa Rica for Every Skill Level","Surf School Costa Rica: All Levels · Rapture","44","surf-school-costa-rica"
"120","From Downward Dog to Hang Ten: The Ultimate Yoga Surfcamp Experience in Portugal","Yoga Surfcamp Portugal - Join us in Ericeira · Rapture","54","yoga-surfcamp-portugal"
"121","From Novice to Pro: Rapture Surfcamps’ Bali For All Skill-levels","Surf Lessons in Bali for Beginner, Intermediate · Rapture","57","bali-surf-camps-all-level-surf-lessons"
"122","From Wipeouts To Wave Riding: What To Expect From Surfing Classes","What To Expect From Surfing Classes · Rapture","45","what-to-expect-from-surfing-classes"
"123","From our surf house in Ericeira: Paddle to Purpose","From our surf house in Ericeira: Paddle to Purpose · Rapture","60","from-our-surf-house-in-ericeira-paddle-to-purpose"
"124","Goofy Foot Surfing: What It Means And How It Affects Your Style","Goofy Foot Surfing: What It Means And How It · Rapture","54","goofy-foot-surfing"
"125","High Surf Warnings: Everything You Need To Know","High Surf Warnings: Everything You Need To Know · Rapture","57","high-surf-warnings"
"126","History Makers: 10 Biggest Waves Ever Surfed","History Makers: 10 Biggest Waves Ever Surfed · Rapture","54","10-biggest-waves-ever-surfed"
"127","How Do Tides Work? Understanding The Ocean’s Rhythms","How Do Tides Work? Understanding The Ocean's · Rapture","54","how-do-tides-work"
"128","How Fast Do Surfers Go?","How Fast Do Surfers Go? · Rapture","33","how-fast-do-surfers-go"
"129","How Many Calories Do You Burn Surfing?","How Many Calories Do You Burn Surfing? · Rapture","48","how-many-calories-do-you-burn-surfing"
"130","How Many Shark Attacks Per Year: It’s Less Than You Would Think","How Many Shark Attacks Per Year: It's Less Than · Rapture","57","how-many-shark-attacks-per-year"
"131","How To Capture Stunning Surf Photography","How To Capture Stunning Surf Photography · Rapture","50","how-to-capture-surf-photography"
"132","How To Choose A Surfboard For Beginner Surfers?","How To Choose A Surfboard For Beginner Surfers? · Rapture","57","choosing-beginner-surfboards"
"133","How To Choose The Perfect Surf Shorts","How To Choose The Perfect Surf Shorts · Rapture","47","the-perfect-surf-shorts"
"134","How To Hike Arenal Volcano: Best Trails & Tips","How To Hike Arenal Volcano: Best Trails & Tips · Rapture","56","arenal-volcano"
"135","How To Take Wax Off A Surfboard: A Step-by-Step Guide","How To Take Wax Off A Surfboard: A Step-by-Step · Rapture","57","how-to-take-wax-off-a-surfboard"
"136","How To Travel Costa Rica On A Budget","How To Travel Costa Rica On A Budget · Rapture","46","costa-rica-on-a-budget"
"137","How To Wax A Surfboard: Step-by-Step Guide","How To Wax A Surfboard: Step-by-Step Guide · Rapture","52","how-to-wax-a-surfboard"
"138","How to Choose the Best Surfboard- From Fish Surfboards to Foam Boards","Choosing a Surfboard: 5 Things To Consider · Rapture","52","how-to-choose-the-best-surfboard"
"139","How to Choose the Perfect Surfboard in Bali","How to Choose the Perfect Surfboard in Bali · Rapture","53","the-perfect-surfboard-in-bali"
"140","How to Choose the Right Surfboard for You","How to Choose the Right Surfboard for You · Rapture","51","how-to-choose-the-right-surfboard-for-you"
"141","How to Cutback: A Surfer’s Guide","How to Cutback: A Surfer’s Guide · Rapture","42","how-to-cutback-a-surfers-guide"
"142","How to Dress like a Surfer? 12 Tips to Get Started","Surfer Style Guide: 12 Tips To Nail Your Look · Rapture","55","how-to-style-like-a-surfer-rapturecamps"
"143","How to Master the Waves in Portugal: A Beginners Guide","Master the Waves in Portugal: A Beginners Guide · Rapture","57","beginners-guide-to-surfing-in-portugal"
"144","How to Perfect Your Surfboard Pop-up","How to Pop Up on a Surf Board: 8 Easy, Doable · Rapture","55","8-steps-on-how-to-pop-up-on-a-surfboard"
"145","How to Plan your Surf Trip to Morocco","Surf Trip to Morocco: Visa, Surf Spots, Language · Rapture","58","how-to-plan-your-surf-trip-to-morocco"
"146","How to Read a Surf Report – Unlocking the Secrets to finding the Best Time to Surf","Surf Forecast: Finding the Perfect Break for Your · Rapture","59","how-to-read-a-surf-report-unlocking-the-secrets-of-a-great-day-to-surf"
"147","How to Read a Surf Report: Know the Basics","How to Read a Surf Report: Know the Basics · Rapture","52","how-to-read-a-surf-report"
"148","Icons of the Ocean: Profiles of 5 Legendary Surfers","Icons of the Ocean: Profiles of 5 Legendary · Rapture","53","5-best-surfers"
"149","Important Things to Know When Planning a Trip To Seminyak","Surfing in Seminyak: Indonesia Surf Scene · Rapture","51","surfing-in-seminyak"
"150","Important Things to Know When Surfing Ekas Bay","Important Things to Know When Surfing Ekas Bay · Rapture","56","surf-ekas-bay"
"151","Is Bali Safe For Solo Female Travellers?","Is Bali Safe For Solo Female Travellers? · Rapture","50","is-bali-safe-for-solo-female-travellers"
"152","Is Surfing Hard? Unveiling the Challenges and Thrills of Riding the Waves","Is Surfing Hard? · Rapture","26","is-surfing-hard"
"153","Jaco, Costa Rica: A Surfer’s Guide To The Best Waves & Nightlife","Jaco, Costa Rica: A Surfer’s Guide To The Best · Rapture","56","jaco-costa-rica"
"154","Join the Best Surf School in Nicaragua – Rapture Surfcamps","Is this the right surf school in Nicaragua for · Rapture","56","surf-school-nicaragua"
"155","Key Features to Look for in Costa Rica Beachfront Hotels","Key Features to Look for in Costa Rica Beachfront · Rapture","59","what-to-look-for-in-costa-rica-hotels"
"156","La Paz Waterfall Gardens: Costa Rica’s Most Beautiful Rainforest","La Paz Waterfall Gardens: Costa Rica’s Most · Rapture","53","la-paz-waterfall-gardens"
"157","Learn The Lingo: The Languages Of Indonesia","Learn The Lingo: The Languages Of Indonesia · Rapture","53","the-languages-of-indonesia"
"158","Learn To Surf! 8 Surfing Tips For Beginners","8 Surfing Tips For Beginners: Learn To Surf · Rapture","53","beginner-surfer-tips"
"159","Learn to Surf at the Best Surf Camp in Bali – Rapture Surfcamps","Best Surf Camp in Bali: Surf Lessons with · Rapture","51","surf-school-bali"
"160","Learning to Surf: A Beginners Guide to Surfing Mastery","Learning to Surf: A Beginners Guide to Surfing · Rapture","56","beginners-guide-to-surfing"
"161","Local Flavours and Thrills: A Guide to the Area Around Green Bowl Surf Camp","Places to eat near Green Bowl Surfcamp in Bali · Rapture","56","best-places-to-eat-near-green-bowl"
"162","Longboard Vs Shortboard: What’s The Difference?","Longboard Vs Shortboard: What's The Difference? · Rapture","57","longboard-vs-shortboard"
"163","Manuel Antonio National Park: A Guide To Costa Rica’s Most Popular Park","Manuel Antonio National Park: A Guide To Costa · Rapture","56","manuel-antonio-national-park"
"164","Mastering The Art Of Longboard Surf: Tips For Beginners","Mastering The Art Of Longboard Surf: Tips For · Rapture","55","the-art-of-longboard-surf"
"165","Mastering The Waves With Off-Peak Surf Lessons in Bali’s Tropical Waters","Off-Peak Surf Lessons in Bali’s Tropical Waters · Rapture","57","off-peak-surf-lessons-in-bali"
"166","Medewi Surf Guide: Bali’s Longest Left-Hand Wave","Medewi Surf Guide: Bali’s Longest Left-Hand Wave · Rapture","58","medewi-surf-guide"
"167","Mount Batur Trekking: A Surfer’s High Beyond The Ocean","Mount Batur Trekking: A Surfer’s High Beyond The · Rapture","58","mount-batur-bali"
"168","Nazaré: Home To The World’s Biggest Waves","Nazaré: Home To The World’s Biggest Waves · Rapture","52","nazare-waves"
"169","Nicaragua Travel Guide – What you Need to Know before Visiting","Visit Nicaragua: The Only Travel Guide You'll · Rapture","55","nicaragua-travel-guide-what-you-need-to-know"
"170","Nicaragua vs Costa Rica: Which Surf Destination Is Right For You?","Nicaragua vs Costa Rica: Weather, Cost, Best · Rapture","54","nicaragua-vs-costa-rica"
"171","Nightlife in Ericeira: Best Bars and Entertainment Options","Nightlife in Ericeira: Where to hangout & party · Rapture","57","nightlife-in-ericeira"
"172","One Week In Costa Rica: The Perfect Travel Itinerary","One Week In Costa Rica: The Perfect Travel · Rapture","52","one-week-in-costa-rica-travel-itinerary"
"173","Origins of Surfing: Tracing the Roots of the Sport","Origin of Surfing: Answers to Where, When, and · Rapture","56","origins-of-surfing-from-ancient-rituals-to-modern-surfing-history"
"174","Packing Tips for Hitting the Best Bali Surf Spots","5 Packing Essentials for Bali Surf Trip · Rapture","49","packing-essentials-bali-surfing"
"175","Planning Surf Holidays In Portugal? Here’s All You Need To Know","Planning a Surf Holiday in Portugal? Here’s All · Rapture","57","surf-holidays-portugal"
"176","Planning a Tropical Surf Trip? Don’t Forget to Pack these 10 Essentials!","Planning a Tropical Surf Trip? Don't Forget these · Rapture","59","planning-a-surf-trip-to-the-tropics-10-essentials-you-shouldnt-forget"
"177","Portugal In October: Top Surf Spots You Can’t Miss","Portugal In October: Top Surf Spots You Can't Miss · Rapture","60","portugal-in-october"
"178","Portugal Makes Waves: Liga MEO Pro Surf and Another Big Wave World Record for Garrett McNamara?","Another Big Wave World Record: Garrett McNamara · Rapture","57","portugal-makes-waves-liga-meo-pro-surf-and-another-big-wave-record"
"179","Portugal Travel Guide 2024 – All You Need to Know Before you Plan a Trip","Portugal Travel Guide: Flights, How to Get Around · Rapture","59","portugal-travel-guide-all-you-need-to-know-before-you-plan-a-trip"
"180","Premium Surf Rental now in Bali","Rent the Best Surfboards in Bali & avoid fees · Rapture","55","awayco-light-gearless-travelling"
"181","Pura Vida in Costa Rica: What does it actually mean?","What does Pura Vida mean in Costa Rica? · Rapture","49","pura-vida-in-costa-rica-what-does-it-actually-mean"
"182","Rain or Shine: Why Surfing Bali in the Rainy Season is Worth It?","Can you Surf during Bali's Rainy Season? Yes! · Rapture","55","surf-bali-rainy-season"
"183","Rapture’s surf camp in Nicaragua is hosting ISA surf coaching courses in November","Join the ISA surf coaching in Nicaragua · Rapture","49","raptures-surf-camp-nicaragua-hosting-isa-surf-coaching-courses"
"184","Riding the Wave of Sustainability – Eco-Friendly Surfing Tips","6 Tips for Sustainable Surfing: Eco-friendly Surf · Rapture","59","how-to-surf-eco-friendly"
"185","Rio Celeste: The Magical Blue River In Costa Rica","Rio Celeste: The Magical Blue River In Costa Rica · Rapture","59","rio-celeste"
"186","Safety First: A Surfer’s Guide to Navigating Beach Signs and Flags","Safety First: A Surfer’s Guide to Navigating Beach · Rapture","60","beach-signs-and-flags"
"187","Savoring Tamarindo: A Surfers Guide To The Best Eats","Savoring Tamarindo: A Surfers Guide To The Best · Rapture","57","best-eats-in-tamarindo"
"188","Sawu Islands: Off-beat Indonesian Spot To Visit","Visit Sawu Islands: How To Get There? – Things To · Rapture","59","visit-sawu-island"
"189","Say Goodbye To Wetsuit Rash With These Proven Solutions","Say Goodbye To Wetsuit Rash With These Proven · Rapture","55","a-guide-to-wetsuit-rash"
"190","Shred The Waves: Surf Workout Plans For All Levels","Shred The Waves: Surf Workout Plans For All Levels · Rapture","60","surf-workout-plans"
"191","Sip, Surf, and Socialise: Best Hangouts in Tamarindo","Sip, Surf, and Socialise: Best Hangouts in · Rapture","52","best-hangouts-in-tamarindo"
"192","Solo Trip to Portugal: Surf, Explore, and Relax with Rapturecamps","Solo Trip to Portugal: Surf, Explore, and Relax · Rapture","57","solo-trip-to-portugal"
"193","Stay and Surf: A Comprehensive Tour of Green Bowl Surf Camp Amenities","A Tour of Green Bowl Surf Camp · Rapture","40","tour-of-green-bowl-surf-camp"
"194","Suit Up: Choosing the Right Wetsuit for Your Surfing Adventure","Suit Up: Choosing the Right Wetsuit for Your · Rapture","54","the-best-wetsuit-for-surfing"
"195","Sumatra Surf Spots: A Guide To The Best Waves","Sumatra Surf Spots: A Guide To The Best Waves · Rapture","55","sumatra-surf-spots"
"196","Surf And Sun: Costa Rica’s Year-Round Surfing Seasons","Costa Rica's Year-Round Surfing Seasons · Rapture","49","year-round-surfing-costa-rica"
"197","Surf Crowd-free in Vila Nova de Milfontes","Crowd-free Surfing in Vila Nova de Milfontes · Rapture","54","surf-crowd-free-in-vila-nova-de-milfontes"
"198","Surf Legends: Inspirational Stories from the Big Waves","Surf Legends: Inspirational Stories from the Big · Rapture","58","surf-legends-inspirational-stories"
"199","Surf Lessons in Bali – Tips to Choose the Right Surf Camp for You","Best Surf Lessons in Bali: Tips To Choose The · Rapture","55","tips-to-choose-surf-lessons-in-bali"
"200","Surf Lessons in Nicaragua – Central America’s Surfing Hotspot","Surfing in Nicaragua: Surf Camps, Top Surf Spots · Rapture","58","surf-lessons-in-nicaragua-heres-what-you-need-to-know"
"201","Surf Lessons in Portugal – The Best European Country to Learn the Art of Surfing","Surf Lessons in Portugal: All levels – Ericeira · Rapture","57","surf-lessons-in-ericeira-portugal"
"202","Surf Lingo: Learn the Language of the Ocean","12 Surfer Lingo For Beginners: Glossary of Surf · Rapture","57","surfer-lingo-and-surfing-terms"
"203","Surf Skate – Everything You Need to Know","What is surf skating? Is it for you? Find out · Rapture","55","surf-skate-what-you-need-to-know"
"204","Surf Uncrowded Waves in Vila Nova de Milfontes","Beat the Crowds at Vila Nova de Milfontes: Surf · Rapture","57","surf-uncrowded-waves-in-vila-nova-de-milfontes"
"205","Surf in Nicaragua in the Rainy Season","Surf in Nicaragua in the Rainy Season · Rapture","47","rainy-season-surf-nicaragua"
"206","Surfboard Anatomy 101: Breaking Down the Different Components","What Are The Different Parts of a Surfboard? · Rapture","54","surfboard-anatomy-101-breaking-down-the-different-components"
"207","Surfer Diet: What To Eat When You’re Surfing","Surfer Diet: What To Eat When You’re Surfing · Rapture","54","surfer-diet"
"208","Surfer Hair: A Complete Guide To Care And Styling","Surfer Hair: A Complete Guide To Care And Styling · Rapture","59","a-guide-to-surfer-hair"
"209","Surfing And Relaxing At Legian Beach, Bali","Surfing And Relaxing At Legian Beach, Bali · Rapture","52","legian-beach-bali"
"210","Surfing At Night: Tips, Gear, And Safety","Surfing At Night: Tips, Gear, And Safety · Rapture","50","surfing-at-night"
"211","Surfing Ericeira – Europe’s Only World Surfing Reserve","Surf Ericeira: Best of Portugal's Surf Breaks · Rapture","55","surf-ericeira"
"212","Surfing For Beginners: How To Ride The Waves With Confidence","Surfing For Beginners: How To Ride The Waves With · Rapture","59","surfing-for-beginners"
"213","Surfing In Lombok – Indonesia Surf Gem","Surfing in Lombok: Best Time To Surf – Top 3 · Rapture","54","surfing-in-lombok"
"214","Surfing In Madeira: Hidden Spots For Surfers","Surfing In Madeira: Hidden Spots For Surfers · Rapture","54","surfing-in-madeira"
"215","Surfing In The Azores: A Guide To Portugal’s Island Waves","Surfing In The Azores: A Guide To Portugal’s · Rapture","54","surfing-in-the-azores"
"216","Surfing Lessons 101: Everything You Need to Know to Get Started","Surfing Lessons 101 · Rapture","29","surfing-lessons-101"
"217","Surfing Lessons in Portugal: Europe’s Best Place to Learn  Surfing","Surf Lessons in Portugal - Beginner to Pro · Rapture","52","surf-lessons-in-portugal-the-best-country-in-europe-to-learn-the-art-of-surfing"
"218","Surfing Mistakes (And Tips To Fix Them)","Surfing Mistakes (And Tips To Fix Them) · Rapture","49","mistakes-you-make-as-a-surfer-and-tips-on-how-to-fix-them"
"219","Surfing Safely in Bali: Rapture Surfcamps’ Commitment to Safety Standards","Surfing Safely in Bali: Safety Standards at · Rapture","53","surfing-safely-in-bali-surf-camps"
"220","Surfing Safety: Tips for Staying Safe on Costa Rica’s Waves","Surfing Safety: Tips for Staying Safe on Costa · Rapture","56","surfing-safety-tips-in-costa-rica"
"221","Surfing Uluwatu in Bali –  World-Class Reef Breaks in Bali","Surfing Uluwatu: 5 Reef Breaks for Experienced · Rapture","56","surfing-uluwatu"
"222","Surfing at the 2024 Paris Olympics","Surfing at the 2024 Paris Olympics · Rapture","44","surfing-at-the-2024-paris-olympics"
"223","Surfing in Green Bowl – Here’s All You Need to Know","Surfing Green Bowl: Bali Surfing Guide (All Tips · Rapture","58","surfing-in-green-bowl-heres-all-you-need-to-know"
"224","Surfing in Padang Padang – Bali’s Most Celebrated Surf Spot","Surfing Padang Padang: Balinese Surf Paradise · Rapture","55","surfing-padang-padang"
"225","Surfing in Portugal – A Brief History of the Sport in the Country","History of Surfing in Portugal: Evolution of the · Rapture","58","surfing-in-portugal-a-brief-history"
"226","Surfing in Sumbawa – Indonesia Surf Gem","Surfing in Sumbawa: Indonesia Surf Scene · Rapture","50","surfing-in-sumbawa"
"227","Surfing into the Holidays- Have a Merry Christmas on the Waves","3 Christmas Surfing Destination: December Surfing · Rapture","59","surfing-into-the-holidays-have-a-merry-christmas-on-the-waves"
"228","Surfing with an Apple Watch","Surfing with an Apple Watch: Set up, Apps · Rapture","51","surfing-with-an-apple-watch"
"229","Swap Snow For Surf: Why Bali Is The Perfect Winter Escape","Swap Snow For Surf: Why Bali Is The Perfect Winter · Rapture","60","bali-winter-escape"
"230","Swimsuits For Surfing","Swimsuits For Surfing · Rapture","31","swimsuits-for-surfing"
"231","The 13 Best Beaches in Bali","The 13 Best Beaches in Bali · Rapture","37","the-13-best-beaches-in-bali"
"232","The 7 Best Surf Camps in the World","7 Best Surf Camps in the World: Find the Right · Rapture","56","the-7-best-surf-camps-in-the-world"
"233","The 7 Spots for Surfing in Bali for Beginners","7 Spots for Surfing in Bali for Beginners: Bali · Rapture","57","best-beginner-surf-spots-in-bali"
"234","The Best Soft Top Surfboards For Beginners And Beyond","The Best Soft Top Surfboards For Beginners And · Rapture","56","the-best-soft-top-surfboards"
"235","The Best Surf Clothing Brands in 2025","The Best Surf Clothing Brands in 2025 · Rapture","47","the-best-surf-clothing-brands-in-2025"
"236","The Different Types of Surfing","The Different Types of Surfing · Rapture","40","types-of-surfing"
"237","The Evolution Of Surfboard Designs","The Evolution Of Surfboard Designs · Rapture","44","the-evolution-of-surfboard-designs"
"238","The Meaning And History Of Shaka","The Meaning And History Of Shaka · Rapture","42","the-meaning-and-history-of-shaka"
"239","The Most Beautiful Beaches In Costa Rica","The Most Beautiful Beaches In Costa Rica · Rapture","50","the-most-beautiful-beaches-in-costa-rica"
"240","The Power of Square Waves: Everything Surfers Need to Know","The Power of Square Waves: Everything Surfers Need · Rapture","60","square-waves"
"241","The Ultimate Bali Travel Guide: How to Plan Your Dream Vacation","The Ultimate Bali Travel Guide: Plan Your 2024 · Rapture","56","the-ultimate-bali-travel-guide"
"242","The Ultimate Couple Getaway? How About a Surf And Yoga Trip To Portugal","The Ultimate Couple Getaway: Surf Trips for · Rapture","53","the-ultimate-couples-getaway-our-surf-camp-in-portugal"
"243","The Ultimate Guide To Nusa Lembongan","The Ultimate Guide To Nusa Lembongan · Rapture","46","the-ultimate-guide-to-nusa-lembongan"
"244","The Ultimate Guide to Surfing in Portugal","The Ultimate Portugal Surf Guide for (Best Season · Rapture","59","the-ultimate-guide-to-surfing-portugal"
"245","The Ultimate Guide to the Best Places to Live for Surfers","The Ultimate Guide to the Best Places to Live for · Rapture","59","the-best-places-to-live-for-surfers"
"246","The Ultimate Sunscreen Guide For Surfers","Sunscreen For Surfers Guide: Chemical Vs · Rapture","50","sunscreen-for-surfers"
"247","The Unspoken Rules of Surfing – A Guide to Surf Etiquette","Surf Etiquette 101: 8 Easy Rules For All Levels · Rapture","57","surf-etiquette-for-surfers"
"248","Tidal Bore Surfing Explained","Ultimate Guide to Tidal Bore Surfing: How to Ride · Rapture","59","tidal-bore-surfing-explained"
"249","Tips For Booking The Right Surf Camp In Bali","Book The Best Surfcamp In Bali: Tips, Factors To · Rapture","58","booking-the-best-surf-camp-in-bali"
"250","Tips to Pull off the Most Epic Surf Trip to Portugal","Tips to Pull off the Most Epic Surf Trip to · Rapture","53","how-to-pull-off-a-surf-trip-in-portugal-this-summer"
"251","Top 10 Most Dangerous Surf Spots In The World","Top 10 Most Dangerous Surf Spots In The World · Rapture","55","top-10-most-dangerous-surf-spots-in-the-world"
"252","Top 10 Surf Documentaries Of All Time","Top 10 Surf Documentaries Of All Time · Rapture","47","top-10-surf-documentaries-of-all-time"
"253","Top 10 Things To Do In Ubud, Bali","Top 10 Things To Do In Ubud, Bali · Rapture","43","top-10-things-to-do-in-ubud-bali"
"254","Top 10 Things To Do in Tamarindo, Costa Rica","10 Best Things to Do in Tamarindo Costa Rica · Rapture","54","what-to-see-in-tamarindo-costa-rica"
"255","Top 13 Restaurants in Ericeira","Top 13 Restaurants in Ericeira Guide · Rapture","46","places-to-eat-and-drink-in-ericeira"
"256","Top 15 Interesting Facts About Surfing","Top 15 Interesting Facts About Surfing · Rapture","48","top-15-facts-about-surfing"
"257","Top 6 Spots for Surfing in Nicaragua(for Beginners)","Top 6 Spots for Surfing in Nicaragua: For · Rapture","51","the-6-best-beginner-surf-beaches-in-nicaragua"
"258","Top 8 Surfing Spots (with map) around Playa Avellanas, Costa Rica","Top 8 Surf Spots around Playa Avellanas: Surfing · Rapture","58","top-surf-spots-around-playa-avellanas-costa-rica"
"259","Top Destinations To Go Surfing in October 2025","Top Destinations To Go Surfing in October 2025 · Rapture","56","surfing-in-october"
"260","Top-Rated Gifts for Surfers: 2024 Must-Haves","Top-Rated Gifts for Surfers: 2024 Must-Haves · Rapture","54","gifts-for-surfers-2024"
"261","Traveling Solo In Bali","Traveling Solo In Bali · Rapture","32","travelling-solo-in-bali"
"262","Ultimate Guide To Surfing In Kuta Lombok","Ultimate Guide To Surfing In Kuta Lombok · Rapture","50","surfing-in-kuta-lombok"
"263","Ultimate Guide To Surfing Mentawai Islands","Ultimate Guide To Surfing Mentawai Islands · Rapture","52","surfing-mentawai-islands"
"264","Ultimate Guide to Planning the Perfect Family Surf Trip","The Safest Family Friendly Surf Destinations · Rapture","54","the-safest-family-friendly-surf-destinations-around-the-world"
"265","Ultimate Guide to Surfing in Sayulita","Ultimate Guide to Surfing in Sayulita: Learn More · Rapture","59","surfing-in-sayulita"
"266","Ultimate Indonesia Travel Guide For 2024","Ultimate Indonesia Travel Guide For 2024 · Rapture","50","ultimate-indonesia-travel-guide"
"267","Understanding Ocean Waves: What Is A Swell?","What Is A Swell? · Rapture","26","what-is-a-swell"
"268","Unleash Your Inner Wave Rider: The Ultimate Guide to Surfing Camps","The Ultimate Guide to Surfing Camps · Rapture","45","ultimate-guide-to-surfing-camps"
"269","Vila Nova De Milfontes: The Hidden Gem Of Portuguese Surfing","Villa Nova De Milifontes: Hidden Surfing Haven · Rapture","56","vila-nova-de-milfontes-the-hidden-gem-of-portuguese-surfing"
"270","Visiting Mentawai Islands? Here’s All You Need To Know","Visiting Mentawai Islands? Here's All You Need To · Rapture","59","visiting-mentawai-islands"
"271","Volcán Poás: A Guide To Costa Rica’s Stunning Crater Volcano","Volcán Poás: A Guide To Costa Rica’s Stunning · Rapture","57","volcan-poas-a-guide-to-costa-ricas-stunning-crater-volcano"
"272","Waimea Bay: The Birthplace Of Big Wave Surfing","Waimea Bay: The Birthplace Of Big Wave Surfing · Rapture","56","waimea-bay"
"273","Whale Watching In Uvita: When & Where To See These Gentle Giants","Whale Watching In Uvita: When & Where To See These · Rapture","60","whale-watching-in-uvita"
"274","What Are Surf Booties? Do You Need Them?","Surf Booties Guide: Types, Benefits and More · Rapture","54","what-are-surf-booties"
"275","What Is A Hang 10 And How Is It Done?","What Is A Hang 10 And How Is It Done? · Rapture","47","what-is-a-hang-10"
"276","What Is A Kook: Surf Slang Explained","What Is A Kook: Surf Slang Explained · Rapture","46","what-is-a-kook"
"277","What Is A Wind Swell?","What Is A Wind Swell? · Rapture","31","what-is-a-wind-swell"
"278","What Is Surfer’s Eye: Causes, Symptoms, And Prevention","What Is Surfer’s Eye: Causes, Symptoms, And · Rapture","53","what-is-surfers-eye"
"279","What Is The Cost Of Living In Bali?","What Is The Cost Of Living In Bali? · Rapture","45","what-is-the-cost-of-living-in-bali"
"280","What Is Windsurfing: How Does It Differ From Normal Surfing?","What Is Windsurfing: How Does It Differ From · Rapture","54","what-is-windsurfing"
"281","What Is a Point Break and Why Do Surfers Love It?","What Is a Point Break and Why Do Surfers Love It? · Rapture","59","what-is-a-point-break"
"282","What Is an Electric Surfboard?","What Is an Electric Surfboard? · Rapture","40","what-is-an-electric-surfboard"
"283","What Muscles Does Surfing Work?","What Muscles Does Surfing Work? · Rapture","41","what-muscles-does-surfing-work"
"284","What is Bali Belly? How to prevent it? What to do if you get it?","Tips To Manage Bali Belly: What is it? – How to · Rapture","57","what-is-bali-belly"
"285","What is a Riptide and How to Avoid Getting Caught","What is a Riptide and How to Avoid Getting Caught · Rapture","59","what-is-a-riptide"
"286","What is the Difference between a Surf Camp, a Surf House and a Surf School?","Surf Camp, a Surf House or a Surf School - What to · Rapture","60","should-i-book-a-surf-camp-or-a-surf-school"
"287","What to Expect on your Surf Trip to Portugal?","8 Things to Expect on your Surf Trip to Portugal · Rapture","58","what-to-know-before-booking-a-surf-camp-in-portugal"
"288","What to Know About Travel Insurance for Your Surf Trip","Travel Insurance for your Surf Trip · Rapture","45","surf-trip-insurance"
"289","When Is the Best Time to Visit Bali?","When Is the Best Time to Visit Bali? · Rapture","46","when-is-the-best-time-to-visit-bali"
"290","When is the Surf Season in Portugal?","Best Time To Surf Portugal: Best Surf Spots · Rapture","53","whens-the-best-time-to-surf-in-portugal"
"291","Who Are The Best Surfers In The World In 2025?","Who Are The Best Surfers In The World In 2025? · Rapture","56","best-surfers-in-the-world"
"292","Why Bali Is The Perfect Destination For Digital Nomads","Why Bali Is The Perfect Destination For Digital · Rapture","57","bali-for-digital-nomads"
"293","Why Hard Top Surfboards Are a Must-Have for Advanced Surfers","Why Hard Top Surfboards Are a Must-Have for · Rapture","53","why-hard-top-surfboards-are-a-must-have-for-advanced-surfers"
"294","Why Learning to Surf Should Be Your New Year’s Resolution","New Year Resolution 2024: Learn to Surf · Rapture","49","new-year-new-hobby-why-learning-to-surf-should-be-your-resolution"
"295","Why The Algarve Is A Surfer’s Paradise: A Complete Guide","Why The Algarve Is A Surfer’s Paradise: A Complete · Rapture","60","the-algarve-a-complete-guide-for-surfers"
"296","Why You Should Visit Costa Rica In The Rainy Season","Why You Should Visit Costa Rica In The Rainy · Rapture","54","why-you-should-visit-costa-rica-in-the-rainy-season"
"297","Yoga For Surfers – How to Use Yoga to Improve Your Surfing Skills","Benefits of Yoga for Surfers: 10 Yoga Poses to · Rapture","56","yoga-for-surfers-how-to-use-yoga-to-improve-your-surfing-skills"
"298","Yoga Surf Camp in Bali: Bringing Zen and Thrill Together","Yoga Surfcamp Bali: Best of Both Worlds · Rapture","49","yoga-surfcamp-bali"
"299","Your 2024 Guide to Choosing Wetsuits For Surfing","Wetsuits For Surfing: How To Choose The Best One · Rapture","58","choosing-wetsuits-for-surfing"
"300","Your Complete Guide To Surfing In Portugal: Tips, Tricks, And Top Spots","Surfing In Portugal: Tips, Tricks, And Top Spots · Rapture","58","surfing-in-portugal-tips-and-tricks"